text,label
"Yes, I believe in a future where humans will remain at the apex of society because we possess creativity and empathy that AI can't replicate. AI can serve to enhance our capabilities and make our lives easier.",Agree
"Absolutely, humans have always been the dominant species on Earth and we have evolved to adapt to changes. AI is just another tool that we can use to our advantage to improve our lives and society as a whole.",Agree
"Yes, I believe that AI will serve as a powerful tool to aid humanity in solving complex problems and making decisions. However, humans will always be responsible for directing AI towards the greater good.",Agree
"I do believe that AI will continue to advance and become more integrated into our lives, but humans will always be the ones making the final decisions. We will have to ensure that AI aligns with our values and beliefs.",Agree
"Certainly, AI has the potential to enhance our abilities and make our lives easier. However, we must also consider the ethical implications of relying too heavily on AI and ensure that it does not become a threat to humanity.",Agree
"Yes, AI can serve as a powerful ally to humans, but it should not replace our decision-making capabilities. We must ensure that we remain in control and use AI to our advantage.",Agree
"Absolutely, AI has already proven to be useful in various fields, such as healthcare and education. As long as we continue to use it responsibly, it can help us solve some of the most pressing issues facing humanity.",Agree
"Yes, I believe that AI can be a powerful tool to enhance our creativity and improve our overall quality of life. However, we must also be cautious about how we use it to avoid unintended consequences.",Agree
"Certainly, AI has the potential to revolutionize the way we live and work. But we must also ensure that we use it ethically and responsibly, and that it does not pose a threat to human well-being.",Agree
I do believe in a future where humans remain at the apex of society and AI serves to aid us. But we must also be mindful of the potential risks and take steps to ensure that AI remains under human control.,Agree
"Yes, I believe in a future where humans and AI coexist and complement each other's strengths. AI can handle repetitive or dangerous tasks, while humans can focus on creative and innovative work. It can lead to a more efficient and productive society.",Agree
"Absolutely, AI can help us make more informed decisions and solve complex problems. However, we must ensure that it is not used to replace human judgment altogether, as human intuition and emotions are still valuable.",Agree
"Yes, I believe that AI can improve our understanding of the world and help us tackle issues that we may not have been able to before. It can lead to breakthroughs in fields such as medicine and environmental sustainability.",Agree
"Certainly, AI has the potential to help us overcome some of the biggest challenges facing humanity, such as climate change and poverty. But we must ensure that it is used in a way that is equitable and benefits everyone, not just a select few.",Agree
"No, I don't believe that humans will remain at the apex of society because AI has already surpassed human abilities in certain areas, such as chess and Go.",Disagree
I don't believe that AI will serve to aid humanity exclusively because it can also be used for malicious purposes by those who have access to it.,Disagree
"No, I don't believe that humans will be at the apex of society in the future because AI has the potential to make many jobs obsolete, leading to a significant shift in the balance of power.",Disagree
"I don't believe that AI will always act in the best interests of humanity because it is only as good as the data it is trained on, and biased data can lead to biased outcomes.",Disagree
"No, I don't believe that AI will always be under human control because as it becomes more advanced, it may become more difficult to predict its actions.",Disagree
I don't believe that AI will always be safe for humans to use because it can make mistakes or be vulnerable to attacks by malicious actors.,Disagree
"No, I don't believe that humans will be able to direct AI towards the greater good because what constitutes the ""greater good"" is subjective and varies between individuals and societies.",Disagree
I don't believe that AI will always be ethical because ethical frameworks are constantly evolving and what is considered ethical today may not be in the future.,Disagree
"No, I don't believe that AI will always be used responsibly because there will always be individuals or groups who seek to exploit it for their own gain.",Disagree
I don't believe that AI will always enhance our abilities because it can also lead to a dependence on technology and a loss of valuable skills.,Disagree
"No, I don't believe that AI will always lead to a more efficient society because it can also create new problems that we are not yet equipped to handle.",Disagree
I don't believe that AI will always improve our quality of life because it may lead to a loss of privacy or a feeling of being constantly monitored.,Disagree
"No, I don't believe that AI will always be aligned with our values and beliefs because those values and beliefs are constantly evolving and can vary greatly between individuals and societies.",Disagree
"I don't believe that AI will always help us solve the biggest issues facing humanity because those issues are complex and multifaceted, and require a more holistic approach than what AI can provide.",Disagree
"I believe in this future because AI has the potential to revolutionize the way we live and work, making our lives more efficient and productive.",Agree
"I believe in this future because AI can help us solve some of the biggest challenges facing humanity, such as climate change and disease prevention.",Agree
I believe in this future because AI can help us make better decisions by analyzing vast amounts of data and providing valuable insights.,Agree
I believe in this future because AI can free up more time for humans to focus on creative pursuits and activities that bring joy and fulfillment to our lives.,Agree
I don't believe in this future because humans have a history of exploiting new technologies for their own gain at the expense of others.,Disagree
"I don't believe in this future because AI is developed by humans and therefore is inherently flawed, biased, and capable of making mistakes.",Disagree
"I don't believe in this future because AI could potentially create more problems than it solves, such as job displacement and privacy concerns.",Disagree
"I don't believe in this future because AI may not be able to understand the nuances of human emotion, intuition, and creativity.",Disagree
I don't believe in this future because AI has the potential to reinforce existing power structures and perpetuate inequalities in society.,Disagree
"I don't believe in this future because AI could be used to develop new and more advanced weapons, leading to a more dangerous and unstable world.",Disagree
I don't believe in this future because AI may not be able to fully understand and respect human values and ethics.,Disagree
"I don't believe in this future because AI could lead to a loss of human autonomy and agency, as decisions are increasingly made by machines.",Disagree
I don't believe in this future because AI may not be able to adapt to unexpected situations and may struggle to handle complex and ambiguous scenarios.,Disagree
